{
  "sansTVZ": {
    "region": "NZ_RECTANGLE Gridded Region",
    "totalRateM5": 3.4,
    "bValue": 0.959,
    "minMag": 6.8,
    "maxMag": 10.0,
    "uncertaintyPower": 0.25,
    "uncertaintyScalar": 0.1,
    "totalTargetGR": {
      "type": "org.opensha.sha.magdist.IncrementalMagFreqDist",
      "name": "InversionTargetMFDs.totalTargetGR_SansTVZ",
      "info": "minMag=5.05; maxMag=8.95; numMag=40; bValue=0.959; magLower=5.05; magUpper=8.55; totMoRate=1.8772714E19; totCumRate=3.4",
      "size": 40,
      "minX": 5.05,
      "maxX": 8.95,
      "tolerance": 1.0000000000000001E-7,
      "values": [
        [
          5.05,
          0.6739046880313306
        ],
        [
          5.1499999999999995,
          0.5403790177518472
        ],
        [
          5.25,
          0.4333097662215323
        ],
        [
          5.35,
          0.3474549294754099
        ],
        [
          5.45,
          0.2786111401768878
        ],
        [
          5.55,
          0.2234078749375149
        ],
        [
          5.6499999999999995,
          0.17914243684731446
        ],
        [
          5.75,
          0.14364763412466916
        ],
        [
          5.85,
          0.11518567656418587
        ],
        [
          5.949999999999999,
          0.09236309505824775
        ],
        [
          6.05,
          0.07406251873673844
        ],
        [
          6.1499999999999995,
          0.059387969601609046
        ],
        [
          6.25,
          0.04762099633606049
        ],
        [
          6.35,
          0.03818549964330898
        ],
        [
          6.449999999999999,
          0.03061952699853527
        ],
        [
          6.55,
          0.024552655913153948
        ],
        [
          6.6499999999999995,
          0.01968785841853704
        ],
        [
          6.75,
          0.015786958872367748
        ],
        [
          6.85,
          0.012658973116302579
        ],
        [
          6.949999999999999,
          0.01015075808170754
        ],
        [
          7.05,
          0.008139514057475612
        ],
        [
          7.1499999999999995,
          0.006526772538420931
        ],
        [
          7.25,
          0.005233575305292511
        ],
        [
          7.35,
          0.004196608708964505
        ],
        [
          7.449999999999999,
          0.003365103897205202
        ],
        [
          7.55,
          0.0026983512222133626
        ],
        [
          7.6499999999999995,
          0.00216370713678929
        ],
        [
          7.75,
          0.0017349959987613217
        ],
        [
          7.85,
          0.0013912285376035847
        ],
        [
          7.949999999999999,
          0.0011155742406463451
        ],
        [
          8.049999999999999,
          8.945373479308797E-4
        ],
        [
          8.149999999999999,
          7.172961132372442E-4
        ],
        [
          8.25,
          5.751729821626313E-4
        ],
        [
          8.35,
          4.612097476965359E-4
        ],
        [
          8.45,
          3.698268833325654E-4
        ],
        [
          8.549999999999999,
          2.965503750052368E-4
        ],
        [
          8.649999999999999,
          0.0
        ],
        [
          8.75,
          0.0
        ],
        [
          8.85,
          0.0
        ],
        [
          8.95,
          0.0
        ]
      ]
    },
    "trulyOffFaultMFD": {
      "type": "org.opensha.sha.magdist.IncrementalMagFreqDist",
      "name": "InversionTargetMFDs.trulyOffFaultMFD_SansTVZ.",
      "info": "(rate(M>=5)=1.8395401; totMoRate=3.1132399418521062E18)",
      "size": 40,
      "minX": 5.05,
      "maxX": 8.95,
      "tolerance": 1.0E-7,
      "values": [
        [
          5.05,
          0.36614294336686837
        ],
        [
          5.1499999999999995,
          0.29359636103935216
        ],
        [
          5.25,
          0.23542396426627243
        ],
        [
          5.35,
          0.18877769041360298
        ],
        [
          5.45,
          0.15137378435097373
        ],
        [
          5.55,
          0.12138098807402269
        ],
        [
          5.6499999999999995,
          0.09733088413556133
        ],
        [
          5.75,
          0.0780460033892035
        ],
        [
          5.85,
          0.06258217727215808
        ],
        [
          5.949999999999999,
          0.05018231225233507
        ],
        [
          6.05,
          0.04023932328271995
        ],
        [
          6.1499999999999995,
          0.0322664115218387
        ],
        [
          6.25,
          0.025873231147098677
        ],
        [
          6.35,
          0.020746778411913407
        ],
        [
          6.449999999999999,
          0.01663606729387194
        ],
        [
          6.55,
          0.013339841468944026
        ],
        [
          6.6499999999999995,
          0.010696721002211213
        ],
        [
          6.75,
          0.008577301346910487
        ],
        [
          6.85,
          0.006926705670362969
        ],
        [
          6.949999999999999,
          0.005265432368580037
        ],
        [
          7.05,
          0.003975994551725713
        ],
        [
          7.1499999999999995,
          0.0029784124714188976
        ],
        [
          7.25,
          0.0022094849539187602
        ],
        [
          7.35,
          0.001619327294285967
        ],
        [
          7.449999999999999,
          0.0011686154598045183
        ],
        [
          7.55,
          8.263936516674062E-4
        ],
        [
          7.6499999999999995,
          5.683310418114307E-4
        ],
        [
          7.75,
          3.753365040835197E-4
        ],
        [
          7.85,
          2.3245854770151354E-4
        ],
        [
          7.949999999999999,
          1.2801235860628577E-4
        ],
        [
          8.049999999999999,
          5.288759918227362E-5
        ],
        [
          8.149999999999999,
          0.0
        ],
        [
          8.25,
          0.0
        ],
        [
          8.35,
          0.0
        ],
        [
          8.45,
          0.0
        ],
        [
          8.549999999999999,
          0.0
        ],
        [
          8.649999999999999,
          0.0
        ],
        [
          8.75,
          0.0
        ],
        [
          8.85,
          0.0
        ],
        [
          8.95,
          0.0
        ]
      ]
    },
    "totalSubSeismoOnFaultMFD": {
      "type": "org.opensha.sha.magdist.SummedMagFreqDist",
      "name": "InversionTargetMFDs.totalSubSeismoOnFaultMFD_SansTVZ.",
      "info": "Sum of these Incremental Mag-Freq Dists",
      "size": 40,
      "minX": 5.05,
      "maxX": 8.95,
      "tolerance": 1.0000000000000001E-7,